{"cameraMode":{"drawMode":0,"name":"Shaded","section":"Shading Mode"},"sceneLighting":false,"audioPlay":false,"sceneViewState":{"m_AlwaysRefresh":false,"showFog":true,"showSkybox":false,"showFlares":true,"showImageEffects":true,"showParticleSystems":true,"showVisualEffectGraphs":true,"m_FxEnabled":true},"in2DMode":false,"pivot":{"x":32.14045333862305,"y":20.37131690979004,"z":30.93393325805664},"rotation":{"x":-0.013350126333534718,"y":0.9292729496955872,"z":-0.033752184361219409,"w":-0.3670770823955536},"size":1.1445523500442505,"orthographic":false}